,data,sample#,feature#,Imb_Ratio(x:1),numerical,categorical,samp/feat,num/feat,cat/feat,frac_outlier,cor_min,cor_max,cor_avg,cor_sd,cor_var,iqr_min,iqr_max,iqr_avg,iqr_sd,iqr_var,FK_min,FK_max,FK_avg,FK_sd,FK_var,PK_min,PK_max,PK_avg,PK_sd,PK_var,skew_min,skew_max,skew_avg,skew_sd,skew_var,coeff_min,coeff_max,coeff_avg,coeff_sd,coeff_var,mic_min,mic_max,mic_avg,mic_sd,mic_var,mas_min,mas_max,mas_avg,mas_sd,mas_var,mev_min,mev_max,mev_avg,mev_sd,mev_var,mcn_min,mcn_max,mcn_avg,mcn_sd,mcn_var,tic_min,tic_max,tic_avg,tic_sd,tic_var,ent_min,ent_max,ent_avg,ent_sd,ent_var,mui_min,mui_max,mui_avg,mui_sd,mui_var,overlap_f2,overlap_f3,feat_info
0,61,1109,21,13.402597402597403,21,0,52.80952380952381,1.0,0.0,1.0,-0.5172639114940489,0.999999999987919,0.5826976183438579,0.33504673147256436,0.11225631227044863,0.11,11823.43,638.0409523809524,2507.3791061145994,6286949.981780047,13.662876731439187,408.634602073349,115.51733740172155,104.44762594000659,10909.306564503539,16.662876731439187,411.634602073349,118.51733740172155,104.44762594000659,10909.306564503539,2.1692716411090585,18.525121169646884,7.9976694190730075,3.980557634670969,15.84483908293734,0.6148505090289805,5.920421180467906,2.113341162991731,1.3585800810994977,1.845739836760318,0.0697963005356533,0.9999994134817779,0.5037122856688363,0.2502424804923582,0.06262129904296829,0.0,0.14963583472466677,0.056386666056937464,0.032754514177757973,0.001072858199020948,0.0697963005356533,0.9999994134817779,0.5036228638891216,0.25008531535024675,0.06254266495383237,2.0,6.044394119358453,5.895213617426383,0.5081123592663097,0.2581781696391754,7.397358761576731,160.99986704284257,65.88577420820343,39.61518636007995,1569.3629903438646,1.534042036115611,9.501191723919211,5.705215124081341,2.4950766816883174,6.225407647504785,0.02175145602699661,2.302581425269044,0.6129507498785162,0.49372337292770413,0.24376276897510882,3.733579495616545e-06,0.24552671437202117,2
1,18,403,35,12.0,35,0,11.514285714285714,1.0,0.0,0.9714285714285714,-0.7173637063180065,0.9999999999955871,0.3586803128956952,0.4328691181748829,0.1873756734695007,0.0,5780.115,199.80228571428572,961.5863676649441,924648.3424790611,-1.5230552522514889,45.56486046827118,9.965281247282979,10.94569168296995,119.80816641863754,1.4769447477485111,48.56486046827118,12.965281247282979,10.94569168296995,119.80816641863754,-1.2671558679560344,5.835765323518893,2.3316440380811922,1.3103845170617592,1.7171075825551796,0.3020411479772459,4.270330915894987,1.1553771194873683,0.6755000525598456,0.4563003210083541,0.008732948882880981,0.9999955584465098,0.4111909921459959,0.22819916815405633,0.05207486034620328,0.0,0.26515372231539663,0.07920058017136684,0.0432268624098283,0.0018685616337982271,0.008732948882880981,0.9999955584465098,0.4103314107395308,0.22733964223057185,0.051683312929524404,2.0,5.169925001442312,5.047400443270894,0.4643388408208454,0.21561055909484642,0.5636405128836599,68.99960762466566,21.601608025616386,15.407474259531476,237.390263058125,0.2952899288058583,8.429997504922557,4.775415339342881,2.0042723724641367,4.017107743023018,0.0,2.301784489695224,0.41262919356891753,0.37848161044339196,0.1432483294438235,5.896182542154513e-06,0.6440285460526781,2
2,41,661,37,11.711538461538462,37,0,17.864864864864863,1.0,0.0,0.918918918918919,-0.6340338501780362,0.999999999999922,0.40221798782878215,0.4147849188815583,0.1720465289315809,0.060000000000000005,19920.010000000002,603.2083783783785,3226.4807393844762,10410177.961618995,-1.2349828475394287,255.3452395753145,62.18611946964214,61.9758280470779,3841.0032621209675,1.7650171524605713,258.3452395753145,65.18611946964214,61.9758280470779,3841.003262120967,-0.05919176698306454,14.452176733929175,5.649339029070842,3.4317217084782725,11.776713884441033,0.15432647708559782,4.223264328133315,1.4749963298066866,0.8329510040028344,0.6938073750693298,0.033688274932722195,0.9999983490200844,0.36797346283261584,0.2338825007181172,0.05470102414216009,0.0,0.41311964001752943,0.06680285919161365,0.05656147193480887,0.0031992001074321714,0.03109641933192402,0.9999983490200844,0.36741418982845225,0.23358889273259584,0.05456377080804016,2.0,5.584962500721157,5.46510800397719,0.4115543763533914,0.16937700469562897,2.044892649106472,103.99977887997186,28.888960274912375,22.88377046467436,523.6669506799026,1.8622298381244453,9.32917211960149,5.072077289751555,2.13680895281793,4.56595250084286,0.008157387774139897,2.3025748349153905,0.36940055140462436,0.3768251608335831,0.14199720183725575,1.2290104958386693e-12,0.43674591357640385,0
3,14,365,5,10.774193548387096,3,2,73.0,0.6,0.4,0.0,-0.22330992722526305,0.11341566515741566,-0.001506011911221075,0.08440774730904455,0.007124667805787517,7.0,182.0,112.0,85.73214099741124,7350.0,-1.2268231294834084,-1.1965405111270584,-1.2091510152544376,0.013442050959312482,0.00018068873399275362,1.7731768705165916,1.8034594888729416,1.7908489847455626,0.013442050959312482,0.00018068873399275365,-0.007331628549858939,0.005466865044593714,-0.0012389525339838007,0.004563496633820315,2.082550152688935e-05,0.5336151234749834,0.5774993732606248,0.5594313367981205,0.020825681439350752,0.0004337090074133184,0.06842701455952237,0.999994585487537,0.2453728029335172,0.2545151543939711,0.06477796381618695,0.00968811385346735,0.29606261474870643,0.09160415051879509,0.08091714569937623,0.006547584468134082,0.06842701455952237,0.999994585487537,0.2453728029335172,0.2545151543939711,0.06477796381618695,2.584962500721156,5.08746284125034,4.786962773144503,0.7491336087284098,0.5612011637264502,2.3249598576573773,57.68654724977507,9.468442441053428,16.113327916458022,259.63933654330543,3.5843734520013877,8.511752653767381,6.540828237701241,2.4138795708624086,5.826814582626885,0.12690108007952502,1.731879127358923,0.30421032696681766,0.47603960550314095,0.22661370600758604,0.5715972899309361,0.028971516919652447,2
4,43,705,37,10.557377049180328,37,0,19.054054054054053,1.0,0.0,0.918918918918919,-0.6223732238245081,0.9999999999999684,0.38277639103210376,0.4056588455997326,0.16455909901330767,0.049999999999999996,22578.45,682.1440540540541,3657.125692043204,13374568.327402482,-1.212322054724148,262.32527883173077,56.09412458456261,59.42452686888985,3531.2743935914114,1.787677945275852,265.32527883173077,59.09412458456261,59.42452686888985,3531.2743935914114,-0.05721741215914863,14.892417936457829,5.333973708148451,3.2490440062467822,10.556286954528142,0.1745936290014024,4.894980489304235,1.5002945356612116,0.9628880175760083,0.9271533343914552,0.033590030441549026,1.0000000000000007,0.3732783463281527,0.23383737217271416,0.05467991662464044,0.0,0.41681461026322175,0.06683386617782411,0.05712164098397663,0.003262881868702319,0.0237056355425013,0.9999985486690571,0.3727641202378039,0.23358084335039034,0.05456001038027959,2.0,5.672425341971496,5.539570119791351,0.38674385326491384,0.1495708080381932,2.019191866885602,109.99986437093649,31.11679962154649,24.308755660455382,590.9156017597217,1.8511643736230774,9.418926255796796,5.174188059103778,2.139917665910917,4.579247616877627,0.007312629949142842,2.302559943142847,0.38004977799327827,0.386860260665756,0.1496608612823767,1.3762867869307279e-10,0.44969896667831266,0
5,53,990,13,10.0,10,3,76.15384615384616,0.7692307692307693,0.23076923076923078,0.38461538461538464,-0.5348173095586974,0.3036051413750213,-0.08702766735045245,0.24559320282172986,0.06031602127223534,0.6034999999999999,1.6864999999999999,0.9997250000000001,0.29015860856607373,0.084192018125,-0.7643502587672977,0.1456135945397774,-0.3955075939134396,0.25833428786311224,0.06673660428574135,2.2356497412327023,3.1456135945397774,2.6044924060865604,0.25833428786311224,0.06673660428574135,-0.20583956242550117,0.35651919362646206,0.09097716126249403,0.15976308186875582,0.025524242328202773,-105.83373519319744,1.7034547896003234,-11.5270580077142,31.56012711724079,996.0416236563973,0.1376739267457904,0.3268633099868952,0.19607674684295423,0.046279046612512316,0.002141750155363088,0.0060993208911317015,0.08081730472541807,0.03027508750284398,0.015898803015078837,0.00025277193731227987,0.1376739267457904,0.3268633099868952,0.19607674684295423,0.046279046612512316,0.002141750155363088,5.954196310386876,5.954196310386876,5.954196310386875,8.881784197001252e-16,7.888609052210118e-31,8.608055648310811,29.331897280756777,14.847920996407945,5.089142432714303,25.899370700453254,9.412267467435408,9.717664298285008,9.560421910992275,0.08431772479818307,0.007109478715142137,0.07797051712517455,0.2548066876495756,0.13522241972123805,0.044599474349038215,0.0019891131122105176,0.018161304995601334,2.449536462447436,1
6,28,504,19,9.72340425531915,17,2,26.526315789473685,0.8947368421052632,0.10526315789473684,0.6842105263157895,-0.9078686602363739,0.9037082036178691,0.013584322803384282,0.35242567279894765,0.1242038548477909,0.0,17100.0,1396.8895511764704,4218.55391724299,17796197.152686175,-1.4615157684519606,13.020880336166453,3.9256244273781533,4.4072522572731705,19.423872459239455,1.5384842315480394,16.020880336166453,6.925624427378153,4.4072522572731705,19.423872459239455,-0.571682905509466,3.720169360916095,1.7994449835284754,1.2386272341856135,1.5341974252663024,0.19538441650846003,2.7822784833025094,1.1930350191535302,0.6932106237221392,0.48054096884123726,0.11671237615198975,1.0000000000000002,0.9153992248305493,0.17248735067825827,0.029751886144004442,0.0074942587504772396,0.6205111319006793,0.28851016991201384,0.14134122209465177,0.019977341063209676,0.11671237615198975,0.9983636725938133,0.9142002876483841,0.17336529305487008,0.030055524836000987,2.0,5.285402218862249,4.328356176512224,0.7011247407230377,0.49157590205394674,9.077886799748104,75.85700659823301,51.62756859486262,12.119526647807318,146.88292616691166,0.5916727785823274,4.392317422778759,3.7379467060780214,1.1313427152776738,1.27993633941186,0.0,1.822617832290264,1.1204544361987085,0.5953003982636181,0.3543825641728224,0.12956745601515324,0.43843063437656055,2
7,20,458,38,9.651162790697674,38,0,12.052631578947368,1.0,0.0,0.9210526315789473,-0.7226751951658487,0.9999999999992549,0.4393176948355597,0.5019956560843899,0.25199963872759706,0.0,6689.5575,208.87184210526317,1069.7607361490445,1144388.0326061458,-1.4959968885965544,134.13473252992577,19.07687932615663,25.027893028797802,626.3954294609457,1.5040031114034456,137.13473252992577,22.07687932615663,25.027893028797802,626.3954294609457,-2.011446340491668,9.99858329122879,3.108205756976962,2.2187686007045855,4.922934103472584,0.13977252840710144,5.133311152845584,1.5972635539042042,0.8886883043324636,0.7897669022573095,0.008786206529555057,1.0000000000000002,0.5997223983584553,0.26462225016868873,0.07002493528434009,0.0,0.3706579818405411,0.1054630307865642,0.06411881030406762,0.004111221834809008,0.008786206529555057,1.0000000000000002,0.5996011615694483,0.264647650749192,0.0700383790470663,2.0,5.285402218862249,4.964259495959342,0.5868261182009495,0.3443648930027948,0.44187778137163003,72.9985613473391,34.63240939905391,18.47257436946903,341.23600383556413,0.4526854513425446,7.408097504004917,3.9180351868765504,1.9219697873825756,3.693967863611423,0.0,2.2965839064041402,0.5019154604502122,0.44763917531108244,0.200380831273186,1.3123898210147403e-05,0.6993359862150481,2
8,63,1320,17,9.64516129032258,16,1,77.6470588235294,0.9411764705882353,0.058823529411764705,0.8823529411764706,-0.2408068481408303,0.9836502400833755,0.5528069844244384,0.27736606543974807,0.0769319342575266,0.026000000000000023,2868.25,423.7122,706.0153661567808,498457.6972494933,0.2161431305264947,7.887696468681302,2.117930382290163,2.0696390886317193,4.283405957192334,3.2161431305264947,10.887696468681302,5.117930382290163,2.0696390886317193,4.283405957192334,-1.8977376991149988,2.4459186775716444,0.82718139396639,0.935754114935848,0.8756357636193722,0.02609189814167327,1.1418902684884569,0.475852647648721,0.30129723093646515,0.09078002136998163,0.05716437322339301,0.9329643129305777,0.341793327966167,0.20256446257086433,0.04103236149662309,0.008151689195422196,0.10260981853166379,0.03578075177431251,0.020192108279170538,0.00040772123675774735,0.05716437322339301,0.9329643129305777,0.341793327966167,0.20256446257086433,0.04103236149662309,6.209453365628951,6.209453365628951,6.209453365628951,0.0,0.0,4.37386836108275,154.40728369872522,45.67476490463355,33.98417121696287,1154.9238933038478,3.3855269823611507,10.210803871431315,8.059347764808521,1.7878066438950535,3.1962525959552943,0.029831304643881677,1.5327810538030933,0.34614660891378657,0.30318183903046925,0.09191922751789736,0.0007714409162312222,2.532169947465044,2
9,69,2000,6,9.0,3,3,333.3333333333333,0.5,0.5,0.16666666666666666,-0.8501427637021791,0.9726097945135944,0.14318459600790467,0.6355362680203057,0.4039063479691779,0.5179607499999999,5994.624715750001,1006.6428627500003,2230.740172480922,4976201.7171202125,-1.0387602300133028,0.07629677369606158,-0.5378957476939911,0.3772070594291392,0.14228516568317812,1.9612397699866972,3.0762967736960616,2.462104252306009,0.3772070594291392,0.14228516568317814,-0.06278952529572479,1.0077264815939126,0.5311684148607333,0.3346737562538998,0.11200652312509474,0.15989126596109962,1.3501619485813843,0.6562880386887943,0.42117147601907645,0.17738541221208748,0.13635827122023683,0.9357623270602379,0.6032418242518107,0.25886799867543536,0.0670126407382252,0.0010313547283419267,0.45364492327074785,0.10937240044234282,0.11063414723074963,0.012239914533475187,0.13635827122023683,0.9357623270602379,0.5998707015399353,0.2631309320542764,0.06923788740375221,2.584962500721156,6.554588851677638,5.8077372823548075,1.4966547024216454,2.2399752982808243,16.989144602849468,199.78854406221697,114.50158595653177,57.383989496634484,3292.9222505498565,1.2854897084734893,10.852784284662082,6.205572795796775,4.59147898870767,21.08167930374401,0.044933262967163975,1.211993255164177,0.36442309157559405,0.38276906686835227,0.14651215855126912,0.0,3.1330730579341757,1
10,56,1043,37,7.21259842519685,37,0,28.18918918918919,1.0,0.0,0.918918918918919,-0.6869730697975706,0.9999999999999885,0.31699170441292845,0.38305707227862396,0.14673272062267093,0.065,17269.635,526.327027027027,2796.9802454810847,7823098.493611429,-1.1462952631387684,867.0649390907574,188.3728392955022,217.76839339361118,47423.0731612346,1.8537047368612316,870.0649390907574,191.3728392955022,217.76839339361118,47423.0731612346,0.038096170592205936,28.49970574709841,9.44510177641741,7.511639877972818,56.424733656351485,0.15934313078185225,9.817016866273898,2.0615307274859376,2.021169172738586,4.085124824828781,0.02770527672996443,0.9999999999999999,0.3530415728284647,0.2300387120586232,0.05291780904559015,0.0,0.4589027014125541,0.0653406029630162,0.06188875763589815,0.0038302183217149414,0.023285975192066346,0.999999336904634,0.3525490547031703,0.22976382968661044,0.05279141743225772,2.0,6.0,5.843248101697007,0.48710708682690684,0.23727331403699575,2.433297101664951,152.99986311818085,40.3637222908068,32.891150259208345,1081.8277653738212,2.113138198042334,9.976667258435395,5.191284031687786,2.2790598488014475,5.194113794418877,0.0025149440808503315,2.3025478836742006,0.3462024074763643,0.3705987971131352,0.13734346842170275,1.715561574748347e-20,0.4964966182997038,0
11,19,450,3,7.181818181818182,1,2,150.0,0.3333333333333333,0.6666666666666666,0.0,0.0,0.0,0.0,0.0,0.0,9.0,9.0,9.0,0.0,0.0,-1.2074303405572755,-1.2074303405572755,-1.2074303405572755,0.0,0.0,1.7925696594427245,1.7925696594427245,1.7925696594427245,0.0,0.0,0.0,0.0,0.0,0.0,0.0,0.5467264930148729,0.5467264930148729,0.5467264930148729,0.0,0.0,0.0,0.0,0.0,0.0,0.0,0.0,0.0,0.0,0.0,0.0,0.0,0.0,0.0,0.0,0.0,0.0,0.0,0.0,0.0,0.0,0.0,0.0,0.0,0.0,0.0,4.169925001442313,4.169925001442313,4.169925001442313,0.0,0.0,0.0,0.0,0.0,0.0,0.0,1.0,0.02002895978957032,2
12,60,1077,37,7.037313432835821,37,0,29.10810810810811,1.0,0.0,0.918918918918919,-0.6757259223370919,0.99999999999999,0.31779345737642,0.38164713776167974,0.14565453776168255,0.060000000000000005,17440.31,531.8867567567568,2824.582266499228,7978264.980221914,-1.1352909661958543,715.537832851539,175.91295535461146,189.3926540576227,35869.57741099035,1.8647090338041457,718.537832851539,178.91295535461146,189.3926540576227,35869.57741099035,0.021315786971316704,25.343179886114246,9.12305212051957,6.906736133752213,47.703004021278474,0.16598322759026413,9.046883143829072,1.9934577859611746,1.8533175231227255,3.434785841513754,0.025957851510010177,1.0000000000000002,0.35442486196956396,0.22945018240339013,0.05264738620494901,0.0,0.45974295131339254,0.0656639188648398,0.06285070116967668,0.003950210637519999,0.022585623452936444,0.999999378110536,0.3539947922472736,0.22927067008390736,0.0525650401607239,2.0,6.022367813028454,5.848062747695177,0.4852369493264812,0.2354548969916701,2.4404463078780463,154.99988219343243,41.012785956523295,33.26967518426109,1106.871286866238,2.1665139486266485,10.02452026899174,5.23970407300873,2.280340063356929,5.1999508045506815,0.002584128397945012,2.3025587543242643,0.3502411039901864,0.37323238071376547,0.13930241001326515,8.918047656788478e-21,0.47096034112507223,0
13,25,475,3,6.786885245901639,1,2,158.33333333333334,0.3333333333333333,0.6666666666666666,0.0,0.0,0.0,0.0,0.0,0.0,10.0,10.0,10.0,0.0,0.0,-1.2066666666666668,-1.2066666666666668,-1.2066666666666668,0.0,0.0,1.7933333333333332,1.7933333333333332,1.7933333333333332,0.0,0.0,0.0,0.0,0.0,0.0,0.0,0.5483000195079379,0.5483000195079379,0.5483000195079379,0.0,0.0,0.0,0.0,0.0,0.0,0.0,0.0,0.0,0.0,0.0,0.0,0.0,0.0,0.0,0.0,0.0,0.0,0.0,0.0,0.0,0.0,0.0,0.0,0.0,0.0,0.0,4.247927513443585,4.247927513443585,4.247927513443585,0.0,0.0,0.0,0.0,0.0,0.0,0.0,1.0,0.10473240144196092,2
14,6,327,37,6.785714285714286,37,0,8.837837837837839,1.0,0.0,0.918918918918919,-0.6459983607497513,0.9999999999999444,0.4562322894741083,0.4346117671090903,0.18888738810968614,0.06,28661.035,866.3937837837836,4642.295499722793,21550907.50674649,-1.0866453896826263,102.71968101558197,22.265054586981083,21.939508819015916,481.3420472196772,1.9133546103173737,105.71968101558197,25.265054586981083,21.939508819015916,481.3420472196772,-0.45011391093601455,9.209171412413077,3.557946105238255,1.9155615452065196,3.669376033473989,0.15123447730569634,3.258502497184081,1.2134403353878973,0.6230246554406396,0.3881597212869277,0.06667196376005548,1.0000000000000007,0.43406847176097424,0.22491353225274816,0.05058609699040798,0.0,0.42815963850625904,0.07375746513625912,0.0567832464998298,0.003224337083060433,0.06667196376005548,0.9999932539475277,0.43392296078705717,0.22475077623551304,0.05051291141846565,2.0,5.0,4.916540754907915,0.3278410639252553,0.10747976319564333,2.629304976429952,55.999660862464516,18.714637312019722,12.137476281897456,147.3183304936233,2.053903063602872,8.340914409595939,5.134591688639601,1.8814180178891866,3.5397337580380754,0.02984437015941767,2.3024864908742235,0.46493260952956444,0.375768003974055,0.14120159281064543,2.2604529433500976e-06,0.22892583712079156,0
15,24,475,3,6.421875,1,2,158.33333333333334,0.3333333333333333,0.6666666666666666,0.0,0.0,0.0,0.0,0.0,0.0,10.0,10.0,10.0,0.0,0.0,-1.2066666666666668,-1.2066666666666668,-1.2066666666666668,0.0,0.0,1.7933333333333332,1.7933333333333332,1.7933333333333332,0.0,0.0,0.0,0.0,0.0,0.0,0.0,0.5483000195079379,0.5483000195079379,0.5483000195079379,0.0,0.0,0.0,0.0,0.0,0.0,0.0,0.0,0.0,0.0,0.0,0.0,0.0,0.0,0.0,0.0,0.0,0.0,0.0,0.0,0.0,0.0,0.0,0.0,0.0,0.0,0.0,4.247927513443585,4.247927513443585,4.247927513443585,0.0,0.0,0.0,0.0,0.0,0.0,0.0,1.0,0.05990938054084044,2
16,80,2310,17,6.0,17,0,135.88235294117646,1.0,0.0,0.8235294117647058,-0.8593020630485552,0.9986443747533824,0.028704063686296757,0.4506747138289868,0.20310769768483913,0.0,127.0,30.60194586764706,35.2889989708735,1245.313448366311,-1.2158370877226388,338.48469806982393,38.76876592692931,92.46945040976503,8550.599259083994,1.7841629122773612,341.48469806982393,41.76876592692931,92.46945040976503,8550.599259083994,-0.8847858284737403,16.88995864173763,3.1902373115004874,4.818463582981573,23.217591300519615,-1.3250335468973469,7.854954870769194,1.4664899348735556,2.4119219135499685,5.817367317062542,0.06326784706814659,0.9856252498263137,0.404297619602629,0.2558259541047591,0.06544691879361031,0.007982760678764647,0.1688044429299828,0.07532981770040328,0.033516292021639575,0.0011233418308798208,0.06326784706814659,0.9856252498263137,0.4013917399705238,0.2556761118506962,0.06537027417108972,6.0,6.700439718141092,6.649322954598728,0.13501931570042358,0.018230215612210648,4.42338614439058,277.3836528495658,89.69818346282749,72.84641418303559,5306.60005932637,0.5760930323822857,10.619583765176108,8.325140652817872,2.2189009427378346,4.923521393682851,0.0013626864129207168,1.9072891972172157,0.4582605458734676,0.44991496294141226,0.20242347387857237,1.7253630131829207e-13,1.7967070074379632,2
17,32,559,4,5.9875,3,1,139.75,0.75,0.25,0.25,-0.2153501518535759,0.44320340561609495,-0.0014875157738846502,0.21340596188721342,0.045542104569006786,22.0,469.0,226.375,202.6096539531125,41050.671875,-1.2142857142857142,105.83813298461425,25.591522878124692,46.33044336788859,2146.5099826651317,1.7857142857142858,108.83813298461425,28.591522878124692,46.33044336788859,2146.5099826651317,0.0,9.651290780728562,2.522887078330362,4.119508574731811,16.970350897288917,0.3566674881513175,7.723699364785407,2.369125475292435,3.0960440560567815,9.585488797044528,4.484797105340885e-15,0.9996098363678071,0.3218559433366051,0.3550050558581502,0.1260285896848483,3.2034265038149182e-15,0.20225653700450108,0.057539447080859174,0.06880611336310666,0.004734281236136685,4.484797105340885e-15,0.9996098363678071,0.3218559433366051,0.3550050558581502,0.1260285896848483,2.0,5.459431618637297,3.8963824759853147,1.598197025856389,2.5542337334562073,1.6964588425374893e-13,83.90823543338527,23.415757065174603,29.95841510785272,897.5066357744181,3.700439718141093,8.582736315357296,5.725786850841925,1.777428909549254,3.1592535285014502,0.0,1.658569385095483,0.419843214893921,0.5897773254903007,0.34783729366249205,0.6054470711621783,0.43726588625367635,1
18,8,335,3,5.836734693877551,1,2,111.66666666666667,0.3333333333333333,0.6666666666666666,0.0,-0.010314028848777863,-0.010314028848777863,-0.010314028848777863,0.0,0.0,15.0,1130.5,572.75,557.75,311085.0625,-1.190960873338653,-0.6814267696330716,-0.9361938214858623,0.2547670518527907,0.06490625070976254,1.809039126661347,2.3185732303669284,2.0638061785141377,0.2547670518527907,0.06490625070976254,-0.38988728947571405,0.03485986617627632,-0.17751371164971885,0.21237357782599517,0.04510253655861403,0.08736371872696146,0.5656364238987562,0.32650007131285885,0.23913635258589738,0.05718619512808663,0.1239654641796265,0.1239654641796265,0.1239654641796265,0.0,0.0,0.08539956796769316,0.08539956796769316,0.08539956796769316,0.0,0.0,0.1239654641796265,0.1239654641796265,0.1239654641796265,0.0,0.0,5.0,5.0,5.0,0.0,0.0,2.417471311007723,2.417471311007723,2.417471311007723,0.0,0.0,4.950420315516962,8.228286613690429,6.589353464603695,1.6389331490867334,2.6861018671753567,0.09544552174559304,0.09544552174559304,0.09544552174559304,0.0,0.0,0.3340057636887608,3.262570096609852,2
19,22,470,13,5.714285714285714,3,10,36.15384615384615,0.23076923076923078,0.7692307692307693,0.8461538461538461,-0.2901778375988778,0.6846466857045008,0.038828453554527735,0.13281764672335344,0.01764052728112952,0.0,12.0,1.3328846153846154,3.120859078928836,9.739761390532543,-1.3476127293022466,30.14536620499718,5.457319947923539,8.143063567011533,66.30948425639059,1.6523872706977534,33.14536620499718,8.457319947923539,8.143063567011533,66.30948425639059,-1.6771567236096263,5.615495889763545,1.555647352449103,1.9692860997182466,3.8780877425435043,0.13923459067719773,2.575754950052998,0.4410941391649338,0.6192365009036149,0.38345384405135263,1.5649334015352058e-06,0.651329943454508,0.06646613801516275,0.09522878086963872,0.00906852070591767,0.0,0.1436725259050068,0.03914990302610537,0.04729100136513784,0.0022364388101174695,1.5649334015352058e-06,0.651329943454508,0.06644952457698322,0.09523835146659539,0.009070343590074753,2.0,5.321928094887363,3.732688085734235,1.4369877162127154,2.0649336965462353,0.00012362973872128146,41.15552507886247,2.8910508680881066,5.8394581718168075,34.09927174039809,0.35065323276071175,6.596207858036399,1.9845760439590026,2.2705994360407376,5.155621798948516,0.0,0.7562145812150364,0.015854930330154563,0.0873881004660408,0.007636680103062841,0.30320536183793395,0.09964239196979889,2
20,15,381,38,5.568965517241379,22,16,10.026315789473685,0.5789473684210527,0.42105263157894735,0.5789473684210527,-0.793904742814724,0.9229302366272943,0.05478734577295397,0.2085955860970718,0.0435121185391809,0.02,188.0,42.170810810810806,54.30089613408058,2948.5873209642077,-1.5180373758342722,241.81328422863257,14.067977551166365,41.58947300816845,1729.684265097172,1.4819626241657278,244.81328422863257,17.067977551166365,41.58947300816845,1729.684265097172,-6.17188809640024,14.810503562853137,0.39047065086727184,3.242618022590681,10.514571640429898,0.01984515151590693,5.5523211223175135,0.54575686913223,0.8787976308053679,0.7722852759091277,0.03844666217162327,0.9099143492230284,0.18579156249859535,0.0893302851644471,0.007979899847561438,0.004995197491652725,0.1729428218787455,0.058790548489861184,0.037958679944808414,0.0014408613831524005,0.03370031263565235,0.9099143492230284,0.18575007549151382,0.08933544335561495,0.007980821439544287,4.0,5.08746284125034,5.079172217524485,0.07611084435744972,0.0057928606288039355,1.5438863255815112,50.08483968155662,6.063642480746437,4.964615608571766,24.6474081408744,2.340546633927408,8.557899155997257,6.302254552483848,1.8184719898701736,3.3068403779423887,0.01914946183102621,1.4460418219491653,0.15373836616718023,0.1306761917449981,0.017076267088975507,7.663257767421712e-09,0.41713193998465603,2
21,27,500,22,5.25,20,2,22.727272727272727,0.9090909090909091,0.09090909090909091,0.8181818181818182,-0.572709752496166,0.7726176624784291,0.049444729877996835,0.2763488372476845,0.07636867984814721,0.21999999999999997,249.5,13.517380952380952,52.81120609277848,2789.0234889739227,-1.2000096000384002,29.3171580183516,3.486210522501206,7.1951499944068384,51.77018344201273,1.7999903999615998,32.3171580183516,6.486210522501205,7.1951499944068384,51.77018344201273,-0.48647986955906086,4.207797850482731,1.07571799017555,1.0994704363587913,1.208835240426991,0.1654230476531661,1.6683878103214604,0.5739265472019025,0.3348671807108169,0.11213602871721089,0.09876207573469806,0.9977831603294263,0.21493947570996472,0.10292609237642246,0.01059378049187985,0.006328841624253734,0.3205330795715098,0.04548371224047017,0.042443574813899536,0.001801457042983087,0.09876207573469806,0.9977366703420338,0.21493925432907235,0.10292440861552668,0.010593433888855901,4.459431618637297,5.321928094887363,5.296263097349029,0.10701388267441544,0.011451971085053553,4.076410010140789,73.97269826907086,9.801625539144828,7.004121030964744,49.05771141640263,3.648562076012777,8.965784284662082,7.141377813451188,1.2177859062436027,1.4830025134455527,0.06054334348663179,1.6630113325468003,0.16938674848776447,0.13403367756428577,0.017965026721406926,0.0,2.2455182541009044,1
22,33,562,21,5.108695652173913,0,21,26.761904761904763,0.0,1.0,0.0,0.0,0.0,0.0,0.0,0.0,0.0,0.0,0.0,0.0,0.0,0.0,0.0,0.0,0.0,0.0,0.0,0.0,0.0,0.0,0.0,0.0,0.0,0.0,0.0,0.0,0.0,0.0,0.0,0.0,0.0,0.0,0.0,0.0,0.0,0.0,0.0,0.0,0.0,0.0,0.0,0.0,0.0,0.0,0.0,0.0,0.0,0.0,0.0,0.0,0.0,0.0,0.0,0.0,0.0,0.0,0.0,0.0,0.0,0.0,0.0,0.0,0.0,0.0,0.0,0.0,0.0,0.7446112691811471,2
23,58,1066,7,4.857142857142857,0,7,152.28571428571428,0.0,1.0,0.42857142857142855,-0.4857270451120237,0.5333550233307565,-0.07320962310637107,0.25863587691375234,0.06689251682694565,0.0,4.0,1.2857142857142858,1.2777531299998799,1.6326530612244898,-1.8479419770904497,3.157588505024619,-0.04397897530980645,1.6683259274798419,2.7833114003014745,1.1520580229095503,6.157588505024619,2.9560210246901937,1.6683259274798419,2.7833114003014745,-2.2710324755548124,1.9188064472004946,-0.2265033421508061,1.1798810383407845,1.3921192646361276,0.17630216548920272,0.5085939255544097,0.3288191638460786,0.1038617359414062,0.010787260192762388,0.0040525085369920244,0.8937573373462975,0.14994002582674137,0.20762669968533912,0.043108846422225996,0.0,0.31488935353829095,0.039720487392697686,0.07040095759257257,0.004956294829951202,0.0040525085369920244,0.8937573373462975,0.14904977590669502,0.2075306977471039,0.04306899050739979,2.0,4.584962500721157,2.9129311000999487,0.7831768444674237,0.6133659697099512,0.6281388232337629,114.12192229396412,20.338481986445267,26.47408579275965,700.8772185623982,0.5429056949671034,2.3619559539858366,1.3803875192237223,0.6711791937633654,0.4504815101408413,0.0,0.6047602664483235,0.049440518031628675,0.13590094283054804,0.018469066262231888,1.0,0.37515055792541335,2
24,46,797,4,4.141935483870967,0,4,199.25,0.0,1.0,0.0,0.593367974655997,0.593367974655997,0.593367974655997,0.0,0.0,3.0,4.0,3.5,0.5,0.25,-1.1940925570650176,-0.5594583558726316,-0.8767754564688246,0.317317100596193,0.10069014233077447,1.8059074429349824,2.4405416441273684,2.123224543531175,0.317317100596193,0.10069014233077447,0.20069868834671828,0.6522920686349661,0.4264953784908422,0.22579669014412393,0.05098414528004151,0.595919666129863,0.59719911768085,0.5965593919053565,0.0006397257754934826,4.0924906783073777e-07,0.23639013658741687,0.23639013658741687,0.23639013658741687,0.0,0.0,0.01705428495435407,0.01705428495435407,0.01705428495435407,0.0,0.0,0.23639013658741687,0.23639013658741687,0.23639013658741687,0.0,0.0,3.8073549220576037,3.8073549220576037,3.8073549220576037,0.0,0.0,24.367443114430024,24.367443114430024,24.367443114430024,0.0,0.0,2.5489073988663904,3.0830027002970883,2.8159550495817394,0.26704765071534897,0.07131444775258702,0.22684459234868762,0.22684459234868762,0.22684459234868762,0.0,0.0,1.0,0.01378654552623624,2
25,29,522,20,3.878504672897196,20,0,26.1,1.0,0.0,1.0,-0.6919124470302164,0.9970976256436603,0.7085971335150832,0.376945188180284,0.14208767489226973,0.0,7606.675,446.4150000000001,1648.5904272652517,2717850.396870625,1.9613544550227822,318.1755170950606,124.08398451477709,86.08647159829665,7410.880592244337,4.961354455022782,321.1755170950606,127.08398451477709,86.08647159829665,7410.880592244337,1.0434706115313723,16.740423276258706,8.710542288792055,4.229437433746649,17.888141005977438,0.6914967458228101,6.9021214020231065,2.6189676526124734,1.5061761595394132,2.268566623564896,0.12583285394871643,1.0000000000000002,0.7666017831750983,0.23208596203771328,0.05386389377497089,0.0014463929335227776,0.26139362006394606,0.08673288432433966,0.053802221848031906,0.0028946790757848418,0.12583285394871643,1.0000000000000002,0.7666017831750983,0.23208596203771328,0.05386389377497089,2.0,5.392317422778761,5.101010293589533,0.5318323760518354,0.28284567621694084,7.916972576543627,84.89183416160479,54.19501088648096,19.866853095581746,394.691851921426,0.8016452075376528,7.292157184007007,4.900363966371676,1.8389546455641557,3.381754188441989,0.04872417510874809,2.235435825764187,0.8339433867131502,0.46879264761425404,0.2197665464571822,8.44030467631056e-14,0.8447152563180573,2
26,64,1324,10,3.5342465753424657,0,10,132.4,0.0,1.0,0.0,-0.028771363732502768,0.02414914372425756,-0.0008757172055301589,0.010558953748897423,0.00011149150427135492,1.0,1.0,1.0,0.0,0.0,-2.0,-1.9982102417999856,-1.9996694995679036,0.0005044508931435189,2.5447070359329394e-07,1.0,1.0017897582000144,1.0003305004320961,0.000504450893143519,2.5447070359329405e-07,-0.018127632789248137,0.04230553391714435,0.00664754076403558,0.016920716116249283,0.0002863106338866982,0.33244123521108443,0.3357515380087436,0.3338179198955752,0.0009288941511479167,8.628443440368087e-07,1.6017132519074588e-16,0.0005972092784283348,8.098209496897248e-05,0.000118627855338184,1.407256806213711e-08,0.0,0.0,0.0,0.0,0.0,1.6017132519074588e-16,0.0005972092784283348,8.098209496897248e-05,0.000118627855338184,1.407256806213711e-08,2.0,2.0,2.0,0.0,0.0,2.963169516028799e-14,0.11048371650924224,0.01498168756925992,0.02194615323756408,0.00048163364192664425,0.9996773608887939,1.0,0.9999404122426616,9.093624816853716e-05,8.26940123096978e-09,0.0,0.0,0.0,0.0,0.0,1.0,0.29448395756976703,1
27,62,1156,5,3.515625,1,4,231.2,0.2,0.8,0.2,0.0,0.0,0.0,0.0,0.0,12.3,12.3,12.3,0.0,0.0,81.51782775416841,81.51782775416841,81.51782775416841,0.0,0.0,84.51782775416841,84.51782775416841,84.51782775416841,0.0,0.0,7.184373916992253,7.184373916992253,7.184373916992253,0.0,0.0,2.6184369068477467,2.6184369068477467,2.6184369068477467,0.0,0.0,0.0,0.0,0.0,0.0,0.0,0.0,0.0,0.0,0.0,0.0,0.0,0.0,0.0,0.0,0.0,0.0,0.0,0.0,0.0,0.0,0.0,0.0,0.0,0.0,0.0,6.73698057301227,6.73698057301227,6.73698057301227,0.0,0.0,0.0,0.0,0.0,0.0,0.0,0.1311804904194024,1.0121487448154918,2
28,17,400,5,3.4444444444444446,0,5,80.0,0.0,1.0,0.0,0.0,0.0,0.0,0.0,0.0,1.0,1.0,1.0,0.0,0.0,-2.0,-2.0,-2.0,0.0,0.0,1.0,1.0,1.0,0.0,0.0,0.0,0.0,0.0,0.0,0.0,0.33375078288117255,0.33375078288117255,0.33375078288117255,0.0,0.0,0.0,0.0,0.0,0.0,0.0,0.0,0.0,0.0,0.0,0.0,0.0,0.0,0.0,0.0,0.0,0.0,0.0,0.0,0.0,0.0,0.0,0.0,0.0,0.0,0.0,1.0,1.0,1.0,0.0,0.0,0.0,0.0,0.0,0.0,0.0,1.0,0.08459882770440731,2
29,47,812,6,3.342245989304813,4,2,135.33333333333334,0.6666666666666666,0.3333333333333333,0.5,-0.09598290490035923,0.12494503007881269,-0.014793149419471277,0.07585183638937151,0.005753501083639984,0.0,762.0,350.75025,352.941167300143,124567.4675751875,-0.960624730248187,1.8581884929432748,0.4956544632003477,1.1473501437967764,1.3164123524704836,2.039375269751813,4.858188492943275,3.495654463200348,1.1473501437967764,1.3164123524704836,0.0649467096794434,1.8282513183536266,1.1535784885817741,0.661533611137842,0.4376267186650736,0.5121131465915449,2.0975846346056293,1.2005387160565837,0.6309561126029425,0.398105616031017,0.05849234053490874,0.2870866255993334,0.16241207929057272,0.0673820078905283,0.004540334987359217,0.01635025180071853,0.20524216262561004,0.10276415725150846,0.055660217596637654,0.003098059822905052,0.0540819389723991,0.2870866255993334,0.15992484474564675,0.06901915128927634,0.0047636432446920155,5.491853096329675,5.754887502163469,5.711048434524503,0.09802713531093857,0.00960931925726906,5.339265745941507,15.52333915283175,9.623022402593028,3.1468687193701768,9.902782736950497,1.1758587698049594,4.515242263442737,3.0048105193822883,1.3074268193488934,1.709364887952764,0.019571683118587466,0.09779552363327135,0.0500316104217853,0.028091348533475887,0.000789123862429218,0.7637072752598307,0.03581424806031621,2
30,13,363,8,3.2705882352941176,4,4,45.375,0.5,0.5,0.75,-0.1818576895547018,0.8525587599480748,0.06155979144040707,0.21037728326490743,0.0442586013139231,0.0,937.375,135.3591306875,305.65013280385665,93422.00368301521,-1.7661945964166397,13.354278459060154,2.7151185791636276,4.622826568992827,21.37052548698599,1.2338054035833603,16.354278459060154,5.715118579163628,4.622826568992827,21.37052548698599,-1.0116319466716772,3.150446682345436,1.0588032265188876,1.1400214580556358,1.2996489248272978,0.13171718832420717,1.1256495377575237,0.5157506941435469,0.28896060694419284,0.0834982323655563,0.005664397639834862,0.9990131170570843,0.13993742004664073,0.18246221524545286,0.03329245999227797,0.0,0.09808212853689756,0.05339614508595129,0.03443168969295683,0.00118554125511207,0.005664397639834862,0.9987679240688591,0.13988814216913562,0.18245018993119183,0.03328807180592797,2.584962500721156,5.08746284125034,4.653780453074526,0.8105665077913217,0.6570180635530187,0.26351175870589055,59.90031974766812,5.318773699059661,11.123078435165848,123.72287387485152,0.6840384356390417,5.704285678763734,3.2159376446128682,2.0001591485503485,4.000636619529654,0.0,2.2123194901451093,0.11522670684389527,0.406214218776483,0.1650099915361884,0.05673301789964269,0.27009578965454223,1
31,44,748,4,3.202247191011236,4,0,187.0,1.0,0.0,0.75,-0.18274546808203904,0.9999999999999999,0.3441679497761609,0.44500539551453155,0.19802980203704468,5.0,1250.0,325.0625,534.1219539756347,285286.26171875,-0.2520030108444278,15.76221572558892,10.148276743801551,6.555214709542027,42.97083988819617,2.7479969891555722,18.76221572558892,13.148276743801551,6.555214709542027,42.97083988819617,0.7479465443244487,3.2048221801543617,2.2585703379392172,1.026961731837591,1.0546503986588642,0.711062759728714,1.0588610249869912,0.9200831358810184,0.1473984599578188,0.021726305997936717,0.09919037501275348,0.9985090989176331,0.3835324740667562,0.30825635419858854,0.09502197990380569,0.0,0.07756969754108495,0.04653702699048514,0.031004760215097307,0.0009612951559956808,0.09919037501275348,0.9985090989176331,0.3835324740667562,0.30825635419858854,0.09502197990380569,2.0,5.700439718141093,4.747512427283103,1.282361263392751,1.6444504098502524,6.795563750055815,113.5870273377454,37.32992548485865,36.570102187812665,1337.372374027061,3.3802183139877964,5.455756770351485,4.058398337149731,0.8171822818976322,0.6677868818474213,0.06811059607159195,1.8900589784320343,0.5075123465340878,0.631634729475374,0.39896243147942895,0.2705741976879003,0.28929744122149886,2
32,9,336,14,3.097560975609756,0,14,24.0,0.0,1.0,0.0,0.0,0.0,0.0,0.0,0.0,0.0,0.0,0.0,0.0,0.0,0.0,0.0,0.0,0.0,0.0,0.0,0.0,0.0,0.0,0.0,0.0,0.0,0.0,0.0,0.0,0.0,0.0,0.0,0.0,0.0,0.0,0.0,0.0,0.0,0.0,0.0,0.0,0.0,0.0,0.0,0.0,0.0,0.0,0.0,0.0,0.0,0.0,0.0,0.0,0.0,0.0,0.0,0.0,0.0,0.0,0.0,0.0,0.0,0.0,0.0,0.0,0.0,0.0,0.0,0.0,1.0,0.5953832308645093,2
33,49,846,18,2.8807339449541285,18,0,47.0,1.0,0.0,0.4444444444444444,-0.9733853440542621,0.9963180127067266,0.23787128363621035,0.4750117109285665,0.22563612551928403,3.0,268.75,34.56944444444444,59.39152141811173,3527.352816358024,-0.9797817560789444,58.02393350124735,5.1156511354046215,14.734926636796565,217.11806299177695,2.0202182439210556,61.02393350124735,8.115651135404622,14.734926636796564,217.1180629917769,-0.2259397681864609,6.766369266562171,1.0397300490278392,1.6489218646769614,2.7189433158097476,0.03262511906952166,0.7712560830629535,0.23893640460757298,0.2127705407264796,0.045271303001038515,0.03193107883275542,0.9674012394481408,0.36132825853760925,0.2645806375951511,0.0700029137902567,0.005979590736614811,0.15129269334208884,0.051976737433950405,0.03188250118119355,0.001016493881568808,0.027528742405774513,0.9672728445114694,0.36052217585639174,0.264624708635899,0.07002623642063444,4.169925001442312,5.832890014164742,5.629403690798194,0.34961530503381255,0.12223086151388578,2.805739216184628,121.86512972720182,36.66660146446613,31.06326789771486,964.9266124852024,3.057994501774492,8.42309748382068,5.242051573684808,1.330766993578794,1.7709407911987423,0.03358023697828472,1.945013205635503,0.4053848750027866,0.3743179112018286,0.14011389864650006,0.002726066312484624,0.3792603722225144,2
34,55,1000,20,2.861003861003861,0,20,50.0,0.0,1.0,0.05,-0.32081714145400275,0.5658462432386202,0.0018852159304672612,0.07199910349971249,0.005183870904762311,0.0,1.0,0.95,0.21794494717703372,0.047500000000000014,-1.9997439836149518,-0.15338022322394185,-1.7190910430163036,0.5161075081805718,0.26636696000035903,1.0002560163850482,2.846619776776058,1.2809089569836962,0.5161075081805718,0.266366960000359,-0.8937745374717959,1.3589038879832738,0.14960189058377116,0.5084567152840621,0.2585282313174578,0.6487491201346026,1.8893860975162244,1.108171082857368,0.29808196030031064,0.08885285505647599,8.151289705829567e-08,0.21120055841428192,0.0037143277934194754,0.018393223880613534,0.00033831068472237193,0.0,0.0,0.0,0.0,0.0,8.151289705829567e-08,0.21120055841428192,0.0037143277934194754,0.018393223880613534,0.00033831068472237193,2.0,2.0,2.0,0.0,0.0,1.2063908764627734e-05,31.25768264531383,0.5497205134260831,2.7221971343308096,7.410357238158872,0.7583373241205442,0.9999538332662392,0.9592123537944506,0.07108290880891743,0.005052779924736871,0.0,0.0,0.0,0.0,0.0,1.0,0.05559282633417334,0
35,3,306,3,2.7777777777777777,2,1,102.0,0.6666666666666666,0.3333333333333333,0.3333333333333333,-0.06317610238980068,0.08952944559093871,0.007529623009759082,0.06285121886585483,0.003950275712923587,4.0,16.75,8.833333333333334,5.643334317779004,31.847222222222218,-1.1201716343051216,11.520526879502375,3.2670016262840416,5.839995606586499,34.10554868494962,1.8798283656948784,14.520526879502375,6.267001626284042,5.839995606586499,34.10554868494962,0.07836828002428313,2.96917635951466,1.0644435179516818,1.3471306995858048,1.8147611217665396,0.20594669940735133,1.7857418611299172,0.8489544088719052,0.6775780846551193,0.4591120608048999,0.07861722607736825,0.10022529698751365,0.0870269441308908,0.00944900169586063,8.928363304837706e-05,0.0298518310810157,0.03991808430318697,0.03341037211605787,0.004608367125598441,2.1237047564296438e-05,0.07861722607736825,0.10022529698751365,0.08659013303531256,0.009687553795677744,9.384869854415026e-05,4.906890595608519,4.906890595608519,4.906890595608519,0.0,0.0,2.03606260964717,2.979720601423624,2.4547420293838833,0.39251092018452116,0.15406482246409955,3.1923698685494055,5.336415905219753,4.018470610607514,0.9418657546764425,0.8871110998322246,0.06988423978193972,0.10163998812779734,0.0880422869599264,0.013359252849625577,0.0001784696367002291,0.7177068214804064,0.1831801926450351,2
36,35,583,10,2.4910179640718564,9,1,58.3,0.9,0.1,0.7,-0.26592436130070135,0.8746179301164125,0.07842851179579496,0.2946800075013731,0.08683630682100928,0.40000000000000013,122.5,28.1,39.133702440053725,1531.4466666666667,-0.5655478265928084,149.6183754365633,29.774769582243593,45.61256539496632,2080.5061219100785,2.4344521734071916,152.6183754365633,32.77476958224359,45.61256539496632,2080.5061219100785,-0.28493665487447245,10.519023554210735,3.2823396331742796,3.427935920710727,11.7507446764989,0.1674255139788027,2.628663541888963,1.1798025099400982,0.9220504945093563,0.8501771144249485,0.10764234309967861,0.8957570243764952,0.20348734548072478,0.15176146768380547,0.02303154307354273,0.016813083482755904,0.08548511862779833,0.038646099626716536,0.019010611544500566,0.00036140335129589824,0.10764234309967861,0.8957570243764952,0.20348734548072478,0.15176146768380547,0.02303154307354273,3.8073549220576037,5.459431618637297,5.4135405992878605,0.2714949317990313,0.07370949799256064,3.9848361861207318,76.00420313218142,12.203367261672419,13.515355412535852,182.66483192716217,4.259041962345323,7.5530155096823295,5.613013882795312,1.0724595353981001,1.1501694550663089,0.061630966003643144,1.2357252516337207,0.1815822528177153,0.21561761264929294,0.046490954884580535,1.9407236303196448e-05,0.22098009754081488,2
37,67,1728,6,2.335907335907336,0,6,288.0,0.0,1.0,0.0,0.0,0.0,0.0,0.0,0.0,0.0,0.0,0.0,0.0,0.0,0.0,0.0,0.0,0.0,0.0,0.0,0.0,0.0,0.0,0.0,0.0,0.0,0.0,0.0,0.0,0.0,0.0,0.0,0.0,0.0,0.0,0.0,0.0,0.0,0.0,0.0,0.0,0.0,0.0,0.0,0.0,0.0,0.0,0.0,0.0,0.0,0.0,0.0,0.0,0.0,0.0,0.0,0.0,0.0,0.0,0.0,0.0,0.0,0.0,0.0,0.0,0.0,0.0,0.0,0.0,0.5,0.5166959562475594,2
38,54,1000,19,2.3333333333333335,7,12,52.63157894736842,0.3684210526315789,0.631578947368421,0.2631578947368421,-0.271315701246002,0.6249841983009851,0.06307849173658386,0.1592413498842999,0.025357807512974014,0.0,2606.75,376.9642857142857,910.3224745402373,828687.0076530611,-1.3805449294715695,4.265163377213492,0.9136685975028616,1.7765516638482737,3.1561358143220692,1.6194550705284305,7.265163377213492,3.913668597502862,1.776551663848274,3.15613581432207,-0.5305507598158565,1.946702018941924,0.9189979813883815,0.9035938958246407,0.8164819285715517,0.31349417467809,0.8628903241384326,0.4640140902080609,0.18188416378501002,0.033081849035772354,0.0027967124115942923,0.36852304153675747,0.0813334167012744,0.08712260835950787,0.007590348887364192,0.0003987911312006089,0.14824679871444488,0.048750281285107035,0.05018490885955761,0.002518525077242104,0.0027967124115942923,0.36852304153675747,0.08079397874221475,0.08743279312969363,0.007644493314459801,2.584962500721156,5.977279923499917,5.10944590020661,1.341365797753243,1.7992622033821937,0.37482849795686385,36.16331351608121,5.767368107186566,7.597032685686739,57.71490562739267,0.6222126380063134,9.804009847151265,3.463744402228484,2.986117230359448,8.91689611344958,0.0,0.30081131692779367,0.027948869150041383,0.06443970823035619,0.004152475996813436,0.6619207603807451,0.24761019507253312,2
39,12,358,31,2.225225225225225,1,30,11.548387096774194,0.03225806451612903,0.967741935483871,0.6451612903225806,-0.7209474987466798,0.9423658554927642,0.0750750579372814,0.3189106610360357,0.10170400972244126,0.0,24.75,1.5241935483870968,4.303671931220046,18.521592091571282,-1.403225742431599,8.753754888884655,0.9588916320684836,2.112817023770912,4.463995775936175,1.596774257568401,11.753754888884655,3.9588916320684837,2.1128170237709116,4.463995775936173,-0.3788448701909783,3.026248723215366,1.1259400132687822,0.9420962224174387,0.8875452922932082,0.21599050549229765,0.7108609835634163,0.5090350398775607,0.1436192495022725,0.020626488827596,0.0027752943295267962,0.7043218005978849,0.10635519586206783,0.14253971501437185,0.020317570356378347,0.0,0.12939846873712066,0.013199852061880174,0.02213502609487307,0.0004899593802207118,0.0020922323434686436,0.7043218005978849,0.10620506345516909,0.14263320572220586,0.020344231374593097,2.0,5.08746284125034,3.1026859910128946,0.722669236637593,0.5222508255823614,0.13484128006630075,34.332553818777725,4.992086941035024,6.8947661847089,47.53780074180533,0.537654027621765,5.481159184168313,1.4060135942366612,0.8291782145483163,0.6875365114815337,0.0,0.3688795820305,0.028508293010534654,0.044639965388576085,0.0019927265098932706,0.0,8.105356654977955,2
40,7,328,32,2.215686274509804,0,32,10.25,0.0,1.0,0.6875,-0.3163326010741981,0.7751103702407709,0.10086990637661437,0.13886209831160598,0.019282682347502123,1.0,2.0,1.28125,0.4496092053105675,0.2021484375,-0.8043159333055239,3.0158080818798982,0.3085468532353353,1.1060622738537877,1.2233737536426115,2.195684066694476,6.015808081879898,3.3085468532353355,1.106062273853788,1.223373753642612,-1.6835076576489039,1.2970257503721272,-0.31897778786684816,0.732586335070883,0.5366827383325881,0.1773645481539628,0.5923376957741789,0.3238258646260249,0.1092257011703426,0.011930253796152979,0.00552819772170675,0.5176249661256574,0.0385457708757051,0.0383339763232794,0.0014694937407537458,0.0004178183503671228,0.08284917268655467,0.01042875595287173,0.007339042719632833,5.3861548040595684e-05,0.0051682042030757325,0.5176249661256574,0.03695686865600662,0.038325887716847425,0.0014688736692843962,2.584962500721156,5.0,3.9197954489984532,0.5891944314212305,0.3471500780177871,0.2920273699503293,24.959178586689287,1.7505015471234986,1.9106410026716323,3.6505490410900605,1.4234244964461555,2.197947501623352,1.879016154744633,0.22174316259550605,0.049170030157857036,0.0002091820124283661,0.3166943760845149,0.025844121965909315,0.03413264684739652,0.0011650375808090875,0.31640625,0.04648799711584774,1
41,39,641,19,2.1576354679802954,14,5,33.73684210526316,0.7368421052631579,0.2631578947368421,0.42105263157894735,-0.4528984640363462,0.7213561556340877,0.0900325509908301,0.21025696317830495,0.044207990564963086,0.7999999999999998,1040.0,96.24142857142859,266.65876015872374,71106.89436938775,-1.4822426001671294,635.9616789954058,55.50403898407509,165.24832338069479,27307.00838013068,1.5177573998328706,638.9616789954058,58.50403898407509,165.24832338069479,27307.00838013068,-0.6681422658343418,25.2575069303094,2.3250738121065866,6.733696498933832,45.34266853975375,-0.17639472547202945,20.777718165595367,1.7325114362676355,5.28555278868023,27.93706828192535,0.0028352717905664247,0.9996049512916877,0.201912464048184,0.17802284639141092,0.031692133837299886,0.00041271843093619804,0.6385178740583171,0.08817724662738508,0.10156075522793882,0.010314587002469303,0.0028352717905664247,0.9996049512916877,0.2011808452025227,0.17805316245963518,0.03170292866187724,2.584962500721156,5.584962500721157,5.262039830526073,0.7456775178500858,0.5560349606270651,0.24597891142638242,94.6858801400887,13.524163434794838,15.366818484977555,236.13911035024788,0.9156737562057873,8.920641871891135,3.7939531971173084,2.328826738332945,5.423433977174462,0.0,1.048060118170388,0.12442802882258398,0.16421458229374097,0.026966429037907823,5.733722441612036e-06,0.4675674678035228,2
42,36,593,77,2.1375661375661377,72,5,7.701298701298701,0.935064935064935,0.06493506493506493,0.935064935064935,-0.7067193702191232,0.9181641014717468,0.08426370675175351,0.2710751871675872,0.07348175709794243,0.0,48.0,1.3276263376623376,5.892647014807547,34.7232888411203,-1.95135626784563,94.70354506836922,4.495045703447618,11.669773891920231,136.18362268854304,1.04864373215437,97.70354506836922,7.495045703447619,11.669773891920231,136.18362268854304,-7.651551092916749,4.028708753217984,0.9874305632430239,1.308307324895636,1.7116680563755755,-0.10384914655645064,1.7354641274785232,0.5071300168451792,0.39146306840290235,0.15324333392341538,0.0008876200745067454,0.8584464062612537,0.22078030329912754,0.08530036659479681,0.007276152541206729,0.0,0.20656492118062572,0.046852088370675934,0.04654247099064221,0.002166201605914772,0.0008876200745067454,0.8493116738393673,0.2207771813810066,0.08527719253483391,0.007272199566623133,2.0,5.523561956057013,5.506151738377737,0.24124302694303792,0.05819819804863932,0.08017889797736688,73.4582194204288,10.928298866473693,6.96204047771877,48.47000761339461,0.4957186274830328,9.211888294546004,8.429385064147898,2.3036983649480085,5.3070261566641275,0.0,1.591676837731363,0.12845075242025258,0.11082149166697992,0.0122814030152945,9.519336550990746e-12,1.3397855212112773,2
43,4,310,6,2.1,6,0,51.666666666666664,1.0,0.0,1.0,-0.3421283469067444,0.8149599896533044,0.3123620219972139,0.3625765051042338,0.13146172205360046,11.453326250000002,39.68362475,22.948599583333333,9.253755290598924,85.6319869782876,0.13992011123686376,37.438167885865695,7.044195254752111,13.624872354036018,185.63714666377498,3.1399201112368638,40.438167885865695,10.044195254752111,13.624872354036018,185.63714666377498,-0.17597806610802802,4.297032173684826,1.1162551920825965,1.4559540047096506,2.119802063830069,0.11293506674940938,1.4282793855206535,0.5110706896074586,0.4315751568220784,0.1862571159860016,0.1903356640858482,0.626276579188426,0.3777605851604399,0.1450036834965991,0.021026068227581882,0.020886516188956594,0.09132279934285581,0.04593669364910438,0.020333694811199336,0.00041345914467499483,0.1903356640858482,0.626276579188426,0.3777605851604399,0.1450036834965991,0.021026068227581882,4.906890595608519,4.906890595608519,4.906890595608518,8.881784197001252e-16,7.888609052210118e-31,4.784434660960402,23.615191397716455,12.583237413491272,6.415211847980234,41.15494305446597,8.049464203640396,8.276124405274238,8.202315688868246,0.10442502096351744,0.010904585003231057,0.1548892200221434,0.5871856146000298,0.32925880622275844,0.1408074654710718,0.019826742332387084,0.005326700814962902,0.7468879779900451,2
44,79,2201,2,2.0956399437412094,0,2,1100.5,0.0,1.0,0.5,0.37919657631575066,0.37919657631575066,0.37919657631575066,0.0,0.0,0.0,1.888,0.944,0.944,0.8911359999999999,-0.7594429516430972,-0.04550192362058425,-0.4024724376318407,0.35697051401125646,0.12742794787346065,2.240557048356903,2.9544980763794157,2.5975275623681595,0.35697051401125646,0.12742794787346062,-1.3980336463688614,-0.7024674270179843,-1.0502505366934227,0.3477831096754386,0.12095309137551813,-4011.3594383791196,-1317.823805938177,-2664.5916221586485,1346.7678162204713,1813783.5508072572,0.13522437868497317,0.13522437868497317,0.13522437868497317,0.0,0.0,0.009704090991860481,0.009704090991860481,0.009704090991860481,0.0,0.0,0.13522437868497317,0.13522437868497317,0.13522437868497317,0.0,0.0,3.0,3.0,3.0,0.0,0.0,37.75668727024871,37.75668727024871,37.75668727024871,0.0,0.0,0.7481937383426244,1.8440593706090893,1.296126554475857,0.5479328161332324,0.3002303709956947,0.0,0.0,0.0,0.0,0.0,1.0,0.48666663150552,2
45,59,1074,16,2.086206896551724,13,3,67.125,0.8125,0.1875,0.8125,-0.006067767760827117,0.9891928429766857,0.5565375034587855,0.35572207093878516,0.12653819175297812,13.0,1517.25,216.75,378.22888115327936,143057.08653846153,0.005355109803375502,49.69382495746733,7.000918483621551,13.127680280505405,172.3359895471705,3.0053551098033755,52.69382495746733,10.00091848362155,13.127680280505409,172.33598954717056,0.3456193792109766,5.314612563638702,1.5757683828002425,1.4808573313716162,2.1929384358770645,0.15176067630355064,1.496538076534015,0.5653670038224197,0.5034622272875227,0.25347421430531314,0.08786516824280959,0.9057363527093709,0.4615607299950915,0.2518934636992627,0.06345031705441177,0.010046763357566157,0.1764498886041317,0.0440175668548841,0.043025411664726294,0.0018511860489191657,0.08786516824280959,0.9057363527093709,0.4615513996063827,0.25187982533258013,0.06344344640957109,4.459431618637297,6.0,5.967928464702537,0.19203997258796868,0.03687935107158776,5.941011413653583,128.76550014227652,55.30169939863155,39.390157654842966,1551.584520073384,5.016288920723365,10.066916080592488,7.852246234484955,1.097857283565547,1.205290615077922,0.031684063256496094,1.4897341471412218,0.5248538139022737,0.43135684072127717,0.18606872403704128,4.0175778651361874e-05,2.709747363366241,2
46,52,973,9,2.0217391304347827,0,9,108.11111111111111,0.0,1.0,0.0,-0.015546033838716786,0.009449311412305053,-0.0014792525397934434,0.006006980780878208,3.6083818101840165e-05,1.0,1.0,1.0,0.0,0.0,-1.9999957749216244,-1.9987785807869494,-1.9996952673844264,0.0003722381942120758,1.3856127323026705e-07,1.0000042250783756,1.0012214192130506,1.0003047326155734,0.0003722381942120758,1.3856127323026705e-07,-0.022611928086457494,0.03494880846396671,-0.003882384345962655,0.017019392097363518,0.00028965970736379975,0.3322314583424267,0.33540723234228476,0.33327905635010446,0.0009402302278171651,8.840328813011182e-07,6.462301424513313e-07,0.00017434216074738377,2.76078727849824e-05,3.379193897379994e-05,1.1418951396090195e-09,0.0,0.0,0.0,0.0,0.0,6.462301424513313e-07,0.00017434216074738377,2.76078727849824e-05,3.379193897379994e-05,1.1418951396090195e-09,2.0,2.0,2.0,0.0,0.0,9.305714051299161e-05,0.025105271147623308,0.003975533681037464,0.004866039212227194,2.3678337614932653e-05,0.9997797891043911,0.9999992380632182,0.999945054163524,6.711183668537456e-05,4.503998623284387e-09,0.0,0.0,0.0,0.0,0.0,1.0,0.10373493954284992,0
47,5,320,6,1.9906542056074767,0,6,53.333333333333336,0.0,1.0,0.8333333333333334,0.013113355192961532,0.7844327227533964,0.3977539500452099,0.2047747034358079,0.041932679167223076,0.0,1.0,0.8333333333333334,0.372677996249965,0.13888888888888892,-0.8193290243151741,39.31938568570683,7.660687338520135,14.241413320072,202.81785335312418,2.180670975684826,42.31938568570683,10.660687338520136,14.241413320072,202.8178533531242,0.7139849350768032,5.145460789170694,1.9426728592681168,1.4602993401233912,2.1324741627648116,0.4505565922157185,1.8102229147386606,1.0433282783944056,0.45507491990783466,0.2070931827291221,0.04143174049745026,0.48801471079699554,0.21881966444230028,0.14983839674263427,0.02245154513840307,0.0012822170657761645,0.049267084388837645,0.021467478735605405,0.014622709675175514,0.0002138236382444716,0.04143174049745026,0.48801471079699554,0.21881966444230028,0.14983839674263427,0.02245154513840307,2.584962500721156,4.321928094887363,3.2906486538731636,0.5061626545266944,0.2562006328375098,1.4779648025096759,23.557844869189363,9.74823289630627,6.752456572836138,45.59566976803796,0.7855602922535473,1.931710594085957,1.495886486568601,0.3517708114519506,0.1237427037895638,0.0,0.3616580781706147,0.08786496562450877,0.1037443022538117,0.01076288025013024,0.23272727272727278,0.05885424398144709,2
48,57,1055,32,1.9634831460674158,32,0,32.96875,1.0,0.0,1.0,-0.7869774574748638,0.9226494500596447,0.1213225061386742,0.2575629947530609,0.06633869626616527,0.0,12.95,1.880309375,3.042953445293669,9.259565670224609,-0.22651203723867042,808.8716798240391,38.657191972364444,139.31171182057255,19407.75305037825,2.7734879627613296,811.8716798240391,41.657191972364444,139.31171182057255,19407.75305037825,-1.7596911761329599,26.807798510823552,2.8154790376680094,4.760370616062786,22.661128402273985,-131.81564269972225,3.7020539043604477,-3.1441580402083877,23.14986830445971,535.9164025138282,0.007588229719488607,0.8469734557223287,0.22249422688314685,0.1597980404435802,0.025535413729608096,0.002180744794461821,0.4254746065402809,0.08572324275239022,0.06312668937107614,0.003984978910952338,0.007588229719488607,0.8469734557223287,0.2221306023044623,0.16012933077068645,0.02564140257306791,3.3219280948873626,6.022367813028454,5.763989636666102,0.5690234906797308,0.32378773294534563,1.0663213531750404,102.13356645956846,19.772145448117232,18.609061463444593,346.2971685502586,0.6044773842580556,9.980468041888392,4.918395834070167,3.1467854942239124,9.902258946658034,0.0,1.0316173173994558,0.11436345408633569,0.15579986802305404,0.024273598876001053,3.675520049089325e-11,0.4186516187172381,2
49,21,462,9,1.8875,8,1,51.333333333333336,0.8888888888888888,0.1111111111111111,0.6666666666666666,-0.23966742377028774,0.7165562502861549,0.12760327727170676,0.22347282245526787,0.049940102376123674,1.0,24.0,12.255833333333333,8.909436164975748,79.37805277777777,-1.8826388888888892,6.338868732094799,1.7642177039026936,2.751923294919336,7.573081821119697,1.1173611111111108,9.338868732094799,4.764217703902693,2.7519232949193366,7.573081821119699,-0.3804937421038406,2.3051833924457403,0.7203523031768063,1.0153173760741185,1.030869374158033,0.14817310365165073,1.4363114804027508,0.5100198679246016,0.45925544934318835,0.21091556775141385,0.07120732809553568,0.5329771535188055,0.17837380447484832,0.08499713368198884,0.007224512734153883,0.014617268907790214,0.14417969993261479,0.05880912810434677,0.039061097240558264,0.0015257693176363484,0.07120732809553568,0.5329771535188055,0.17837380447484832,0.08499713368198884,0.007224512734153883,5.169925001442312,5.247927513443585,5.245760776999106,0.012818585674492131,0.0001643161386942949,2.0521679405673354,29.031448177561643,7.004295547378163,5.161057104773315,26.636510438731115,0.9793399259567799,8.611446985120269,6.15077276612576,2.2416789672734865,5.025124592316326,0.0,0.5204944614193834,0.11495953109710427,0.10769801496928665,0.01159886242832469,0.358953907604327,0.3907492724830537,2
50,50,958,9,1.8855421686746987,0,9,106.44444444444444,0.0,1.0,0.0,0.0,0.0,0.0,0.0,0.0,0.0,0.0,0.0,0.0,0.0,0.0,0.0,0.0,0.0,0.0,0.0,0.0,0.0,0.0,0.0,0.0,0.0,0.0,0.0,0.0,0.0,0.0,0.0,0.0,0.0,0.0,0.0,0.0,0.0,0.0,0.0,0.0,0.0,0.0,0.0,0.0,0.0,0.0,0.0,0.0,0.0,0.0,0.0,0.0,0.0,0.0,0.0,0.0,0.0,0.0,0.0,0.0,0.0,0.0,0.0,0.0,0.0,0.0,0.0,0.0,1.0,0.07425994878931101,2
51,45,768,8,1.8656716417910448,8,0,96.0,1.0,0.0,1.0,-0.11397026236774152,0.5443412284023392,0.14702376905190034,0.15736076419863965,0.02476241010917987,0.38249999999999995,127.25,31.2728125,38.43639371248419,1477.356361621094,-0.5244944887652805,7.159574916971424,2.749524196420433,2.7323337222231525,7.465647569597827,2.4755055112347195,10.159574916971424,5.749524196420433,2.7323337222231525,7.465647569597827,-1.8400052311728738,2.2678104585131753,0.5282118837708745,1.238665108772285,1.5342912516898566,0.2464371670695247,1.4441698561796774,0.6180276540183121,0.39189012997145095,0.1535778739690407,0.07320537399589842,0.45151626601044526,0.14938046918149972,0.08151679769027127,0.006644988305676616,0.006090387127218787,0.09740927067134116,0.04663795789635684,0.024562364690608903,0.0006033097591944711,0.07320537399589842,0.45151626601044526,0.1493399321989274,0.08154818194533517,0.00665010597858949,5.247927513443585,5.700439718141093,5.681257214239898,0.08418743535134127,0.007087524271036266,4.120889666705363,36.743036983105206,9.612961380885183,7.6899111618162745,59.134733676626524,3.4820480960305145,8.828504831523787,5.717977999389794,1.6936779570059985,2.8685450220480133,0.03835254278489221,0.33145190890847986,0.09703996933635198,0.07396335301715097,0.0054705775895396965,0.2515956493264203,0.574275696408608,2
52,42,683,9,1.8577405857740585,9,0,75.88888888888889,1.0,0.0,0.5555555555555556,0.3392104355897988,0.9072282331914424,0.6019393055727241,0.13009700265659035,0.01692523010022888,0.0,5.0,3.111111111111111,1.3698697784375504,1.8765432098765433,-0.8017799862831287,12.174936688986545,1.6028727370358113,3.825193192926184,14.632102963208816,2.1982200137168713,15.174936688986545,4.602872737035812,3.825193192926184,14.632102963208816,0.5863628457023149,3.5037596511648808,1.46366970682476,0.7823013714100152,0.6119954357099906,0.6349966976815288,1.080745609085105,0.9022654535342016,0.1652311790536705,0.027301342531466113,0.13602024015931977,0.6846161537791164,0.3570419336711836,0.13033765201184902,0.016987903531961848,0.008102716448437228,0.06661231981567595,0.03425027595301519,0.01556491381216027,0.00024226654197997754,0.13602024015931977,0.6846161537791164,0.3570419336711836,0.13033765201184902,0.016987903531961848,3.5849625007211565,4.700439718141093,4.2734620007212545,0.2451977795463007,0.060121951094436285,11.566647192594184,60.75882790061135,29.27697240164185,11.080394753255941,122.77514788798177,1.1298963596956488,3.0495878781515113,2.258862104703937,0.5096437441623968,0.2597367459638666,0.03850188892966838,0.5801645678255312,0.23520152282790482,0.12399281907897607,0.01537421918315169,0.2168594444162193,3.553553584269194,2
53,11,351,33,1.7857142857142858,33,0,10.636363636363637,1.0,0.0,0.6060606060606061,-0.49186292379691626,0.825558368172109,0.11792479310238636,0.2638894196899096,0.06963762582427725,0.0,0.955505,0.6201304545454546,0.2459342197940386,0.06048364046570248,-0.6784485212617097,4.358247856061883,0.3389582726905251,1.0613920405944797,1.1265530638373138,2.3215514787382903,7.358247856061883,3.338958272690525,1.0613920405944797,1.1265530638373138,-2.521556633522611,0.11216403165384112,-0.5819729231337283,0.6361237178600273,0.40465338442406357,-137.34813400702777,62.460498195207926,-5.566047447272966,35.82997680809766,1283.7872380688164,0.15471141806422958,0.7519242475454687,0.31059555768811264,0.10739161811340904,0.011532959641016284,0.009471267836936463,0.21521842730802138,0.0682443581326953,0.0387291583854319,0.00149994770924387,0.15471141806422958,0.7519242475454687,0.3085152451275617,0.10733326155358526,0.011520429035730344,2.584962500721156,5.044394119358453,4.8977277692622465,0.3780795293365206,0.14294413050332497,5.490491406290884,37.29677771695223,12.464755618119984,5.595290408359861,31.307274753883863,0.4946515946613534,7.473911834076965,6.790397232675959,1.1659908503212923,1.3595346630329705,0.0,1.091466265808894,0.37458095278764153,0.17340830592850037,0.030070440564992373,0.0,0.6094777346494308,1
54,1,250,12,1.7777777777777777,4,8,20.833333333333332,0.3333333333333333,0.6666666666666666,0.3333333333333333,-0.3482564296113884,0.7740159626755752,0.07406932613463163,0.25969119605178126,0.0674395173068047,0.0,114.75,20.677083333333332,32.92686254275865,1084.1782769097224,-1.8598304186539476,10.693376068376068,0.31549061406986273,3.2289783750760854,10.426301346708998,1.1401695813460524,13.693376068376068,3.3154906140698635,3.2289783750760854,10.426301346708996,-0.7653324314062313,3.562776455010343,0.765096384373794,0.980788470020693,0.9619460229255319,0.2298169720426419,1.1168784364761501,0.4789233969844799,0.24057806803502618,0.05787780681946569,1.6937109293037217e-05,0.85025285930629,0.1841768552642956,0.12874248233917365,0.016574626758852438,0.0,0.2282743654178223,0.08347032684875214,0.0621473554888386,0.0038622937942560773,1.6937109293037217e-05,0.85025285930629,0.1835450200138129,0.12867954266946324,0.016558424701622214,2.0,4.754887502163469,4.1078442147931655,0.8978094541437273,0.8060618159498575,0.0007113585903075634,25.431523201186277,4.696653512694933,3.841934760158908,14.760462701317286,0.34312290713202037,7.845784284662084,3.0721339162496633,2.358201422334444,5.5611139483001955,0.0,0.6511808494179223,0.07506509742366715,0.12256097709409418,0.015021193106259078,0.010646451187151632,0.866401972855392,2
55,51,959,40,1.7716763005780347,40,0,23.975,1.0,0.0,0.925,-0.26673469687697354,0.9999999999021221,0.1991475760495694,0.29693159149861864,0.08816837002990253,0.0,2417750.0,132793.87149797502,494546.8893685794,244576625784.13788,-0.6969487163981829,132.00738270950927,34.19844647478143,49.04132069731089,2405.051135736493,2.303051283601817,135.00738270950927,37.19844647478143,49.04132069731089,2405.051135736493,-0.29444369944238724,11.576146435876542,4.02788263775274,4.184927809187033,17.513620768106982,0.527715775252416,11.654921117910748,3.3421871766723497,4.025207898515846,16.20229862627435,0.016516430822341305,0.9999992156545036,0.4587532402203011,0.194973883449766,0.03801481522748293,0.005005224660613225,0.2577868972871616,0.08442058659375502,0.04938987764044814,0.0024393600133384387,0.016516430822341305,0.9999992156545036,0.45833633917250627,0.1946283510260775,0.037880195023130045,2.0,5.906890595608519,5.734699908746286,0.5132796561216504,0.26345600538835967,1.7411398039116253,134.49152714821705,46.81245116349293,26.17994892131679,685.3897255227561,0.5676394850567521,9.809964924721648,8.27174870516387,2.805788333391058,7.872448171793371,0.0,1.8193850799607436,0.42345998764551634,0.3198590247726747,0.10230979572852651,2.1182930953236488e-05,2.3257579381377442,2
56,38,609,7,1.7309417040358743,5,2,87.0,0.7142857142857143,0.2857142857142857,0.42857142857142855,-0.2999956742810406,0.49678731483573224,0.04141980588615733,0.18003982395513962,0.032414338209797666,1.4400000000000013,292.37,48.4,99.87544428651405,9975.104371428572,-1.227125960168939,1.5184360483048014,-0.25606868539048094,0.9958653622072587,0.9917478196441946,1.772874039831061,4.518436048304801,2.743931314609519,0.9958653622072586,0.9917478196441945,-1.1160205834540462,1.0243968622531219,0.1654543492911237,0.6920192967899748,0.4788907071296911,-3.7786837644059017,6.474928203143958,0.15103888006129434,2.9691763824776727,8.8160083902632,0.020601046368849813,0.9999824953180644,0.3443699588792772,0.2816694320341255,0.07933766894242684,0.010354761161997806,0.35627960451980656,0.1418294746496816,0.09894248415061367,0.009789615169894437,0.019591731572349953,0.9999824953180644,0.34432189626992005,0.2817247548587862,0.07936883750024316,4.584962500721157,5.523561956057013,5.46956317862683,0.2001277613362592,0.04005112085746273,1.022354201077657,78.17041965976462,17.104822177443925,17.37333368354499,301.8327232797989,3.786957090756116,7.945140382915879,6.042120488558788,1.1520564368795236,1.3272340337555437,0.008016119588907585,1.4892511539467568,0.2984868887179054,0.34370354569306255,0.11813212732198314,0.10383453794977617,2.1052734615419357,2
57,34,569,30,1.6839622641509433,30,0,18.966666666666665,1.0,0.0,0.9666666666666667,-0.3116308263092899,0.9978552814938109,0.370353565180625,0.29700988553423235,0.08821487210505781,0.0023100000000000004,568.7,35.21501196666667,118.46235753464914,14033.330152667044,-0.5413670700179054,48.767195610504245,7.7357064787003775,12.547731558905735,157.44556727435892,2.4586329299820946,51.767195610504245,10.735706478700374,12.547731558905735,157.44556727435895,0.41433004572343024,5.432815862951913,1.7358151979541776,1.2539196996432502,1.572314613153419,0.11243043824228076,1.1277714337969946,0.4868787168478284,0.26624880891607805,0.07088842824923024,0.1322191492454587,0.9999977719741047,0.3215975772172834,0.18974530638490325,0.03600328129510081,0.005449435258045171,0.09852724095695298,0.030067562982842716,0.015459957558433485,0.00023901028770856466,0.1322191492454587,0.9999977719741047,0.3215975772172834,0.18974530638490325,0.03600328129510081,3.5849625007211565,5.459431618637297,5.440116296902502,0.12212132784710775,0.014913618715140775,5.073676276793668,88.10112143100177,18.836238615638027,16.074863324904047,258.4012309143452,8.541409666491218,9.074956195557904,8.930996590003582,0.13462987435861437,0.018125203069816295,0.0551969268327386,2.116800862485136,0.28674537526964394,0.30773582364751356,0.09470133715601356,5.683134517200268e-11,3.391648283117152,2
58,16,392,8,1.6666666666666667,6,2,49.0,0.75,0.25,0.25,-0.832244214831575,0.9336135808355974,-0.005890468375650963,0.6744860270297448,0.4549314006583697,3.0,1389.5,233.64285714285714,475.1756791129026,225791.9260204082,-1.6832066787517308,0.6728218851056105,-0.5539393985743134,0.7776833839775683,0.6047914457148019,1.3167933212482692,3.6728218851056105,2.4460606014256867,0.7776833839775684,0.6047914457148021,0.01961288152583081,1.0831611646869432,0.47473245392149993,0.31864911889436,0.10153726097215197,0.04848323680776622,0.5382590035663615,0.30938020086500595,0.14811969202714895,0.02193944316621745,0.1495731455242019,0.9656635718473493,0.5253505376076856,0.24905909878723007,0.06203043468870722,0.017016593118991397,0.23978071340685914,0.09058074644218886,0.05764076578147175,0.003322457879874485,0.1495731455242019,0.9656635718473493,0.5253505376076856,0.24905909878723007,0.06203043468870722,4.459431618637297,5.08746284125034,4.991269744736976,0.20176695074935427,0.040709902414692356,6.832056758916454,53.26440899426646,25.05230109781116,14.466764225007285,209.28726714195065,1.5986868489825152,8.358257484388217,5.339406810030536,1.976859982316181,3.9079753896831315,0.10935569678476148,1.0238648976426155,0.5132217128955382,0.27324970035068896,0.0746653987417413,0.009747793133025802,1.963392093408747,2
59,10,349,31,1.643939393939394,18,13,11.258064516129032,0.5806451612903226,0.41935483870967744,0.5161290322580645,-0.8629357505078379,0.5913132517181583,0.00020539448376321578,0.1508730153848391,0.022762666771313896,0.0,2778.0,157.59886363636363,581.1612457398076,337748.39354984503,-1.8286788461689223,24.58373229200781,2.472791728431388,5.518435488095896,30.4531302362762,1.1713211538310777,27.58373229200781,5.472791728431388,5.518435488095896,30.4531302362762,-1.873717520708355,2.970058775822027,0.40576665495631964,1.0881886855195844,1.184154615292841,0.047309145627827766,1.7623714717898862,0.36707243767275466,0.39449279561900796,0.1556245657953004,0.004709246772798031,0.8799296901776554,0.15857022268617732,0.12757063712645636,0.016274267456850008,0.002384059631213644,0.6288851306217177,0.07036344841917958,0.07607737988039537,0.005787767729465985,0.004709246772798031,0.8799296901776554,0.1567826920955424,0.12769827484931806,0.016306849399491976,3.3219280948873626,5.044394119358453,4.9445996969795045,0.2359020166238502,0.055649761447199304,0.2317230195846868,33.88160757857877,4.958136982833087,4.540373480962188,20.6149913466247,0.9310907478721534,7.41705947133609,3.8175474731517527,1.6955563408294663,2.8749113049270094,0.0,0.7265068755166805,0.11253089028050065,0.11258476120647176,0.01267532845591827,0.001011957917652239,0.146216113559553,2
60,2,250,9,1.6041666666666667,3,6,27.77777777777778,0.3333333333333333,0.6666666666666666,0.2222222222222222,-0.07623884757792539,0.4522161439011814,0.10502009448336468,0.2455843537404671,0.06031167480212288,14.125,53.25,35.791666666666664,16.247542549225372,263.9826388888889,-0.99737787317668,0.8828415741309512,0.20932177278977596,0.8551868616641366,0.731344568362955,2.00262212682332,3.882841574130951,3.2093217727897763,0.8551868616641365,0.7313445683629549,0.42204795546438695,1.0613052074120586,0.8060113419815841,0.2763805863713262,0.07638622852295808,0.2298169720426419,1.1168784364761501,0.5777427605232632,0.3865578233771307,0.14942695081406496,0.16518586056902587,0.327248245343893,0.2470919424205326,0.06617325962679241,0.004378900289634874,0.053991612437715705,0.08109585509941039,0.0696747654092723,0.011468329728055995,0.0001315225867514129,0.16518586056902587,0.327248245343893,0.2470919424205326,0.06617325962679241,0.004378900289634874,4.700439718141093,4.700439718141093,4.700439718141093,0.0,0.0,3.758211127638647,9.123267511901355,6.272058357007381,2.203227526936348,4.854211535450056,4.944067470790485,5.762642569566691,5.279458452607568,0.3501413106927484,0.12259893745363576,0.2537771200629052,0.4084916034202728,0.32276145477788404,0.06426227277443002,0.004129639702135248,0.23332358209936396,1.1537172833868492,2
61,26,500,25,1.5510204081632653,25,0,20.0,1.0,0.0,0.04,-0.11105673477369583,0.8991189466700497,0.00689574301018594,0.08804595086669428,0.007752089464020343,1.3530397500000002,1.8047300000000002,1.69043332,0.08493051683260025,0.007213192689452593,-1.2795607322141116,0.33828808525593423,-1.1100681839584616,0.3051938765937057,0.0931433023102941,1.7204392677858884,3.3382880852559342,1.8899318160415384,0.3051938765937057,0.0931433023102941,-0.09627715813356422,0.8544464720967871,0.027270235932405594,0.18038990085739728,0.032540516331341626,-500000022.9834988,2.8147498679268336e+17,1.172812437662703e+16,5.6246108960418344e+16,3.163624773187253e+33,0.13035879790776023,0.7756289769400866,0.16660964236700215,0.04343841332395246,0.0018868957521025302,0.0047855676065987965,0.052789098822832864,0.01875825500035292,0.009192959211596713,8.451049906608085e-05,0.13035879790776023,0.7756289769400866,0.16660964236700215,0.04343841332395246,0.0018868957521025302,5.321928094887363,5.321928094887363,5.321928094887363,0.0,0.0,4.425455040566862,48.38448568636844,5.689916645778672,2.9023456181879186,8.423610087414612,8.965784284662082,8.965784284662082,8.965784284662082,0.0,0.0,0.05473055453903533,0.8057712805161638,0.09172438342093407,0.05035165196789744,0.00253528885589627,0.6715157452512086,0.18987127969399253,0
62,91,4601,7,1.5377826806398236,7,0,657.2857142857143,1.0,0.0,1.0,-0.1288816699540861,0.49263829723867375,0.12014126439704384,0.15541966641646657,0.02415527270900575,0.052,231.0,39.044714285714285,79.3456856342896,6295.73782877551,5.250379008141049,1479.0321922910541,499.8725476899696,458.3548464167187,210089.16523369378,8.25037900814105,1482.0321922910541,502.8725476899696,458.3548464167187,210089.16523369378,1.591155310295409,30.754961784184587,15.456864510146175,9.046676080199845,81.84234810006002,1.0682156021441636,6.1117897368986585,3.039324306220396,1.5051450664262018,2.265461670987136,0.10344468616835506,0.5776494430662341,0.23770232378290806,0.1265663102294203,0.016019030885089866,0.010471855110069372,0.1004364047527612,0.04788956897135907,0.026506889056605202,0.0007026151674591766,0.10344468616835506,0.5776494430662341,0.23758165998861197,0.126650505375259,0.016040350511808504,7.285402218862249,7.285402218862249,7.28540221886225,8.881784197001252e-16,7.888609052210118e-31,30.117752414517412,240.30736435840686,76.04019579346286,55.955928082699906,3131.0658875962836,3.487409522254399,10.056096365667758,6.766846421610487,1.9777428094076126,3.911466620163516,0.016548269795781112,0.6913816876437942,0.15690840385813343,0.18015561201438446,0.03245604454027743,0.00037223370305100985,0.19669428710067138,2
